ip,timestamp,jail,bantime,action
13.200.231.70,2026-05-11T17:56:58Z,nginx-botsearch,86400,ban
135.232.201.48,2026-05-11T17:57:00Z,nginx-wordpress,604800,ban
103.153.183.126,2026-05-11T17:57:02Z,nginx-configprobe,604800,ban
195.178.110.133,2026-05-11T17:57:04Z,nginx-traversal,2592000,ban
104.196.168.90,2026-05-11T17:57:07Z,nginx-4xx-catchall,86400,ban
15.168.177.24,2026-05-11T17:57:09Z,nginx-botsearch,86400,ban
14.97.214.122,2026-05-11T17:57:11Z,nginx-wordpress,604800,ban
103.153.183.69,2026-05-11T17:57:13Z,nginx-configprobe,604800,ban
195.178.110.155,2026-05-11T17:57:15Z,nginx-traversal,2592000,ban
111.113.89.235,2026-05-11T17:57:17Z,nginx-4xx-catchall,86400,ban
16.16.233.253,2026-05-11T17:57:19Z,nginx-botsearch,86400,ban
143.110.221.204,2026-05-11T17:57:21Z,nginx-wordpress,604800,ban
103.168.66.178,2026-05-11T17:57:23Z,nginx-configprobe,604800,ban
45.148.10.119,2026-05-11T17:57:25Z,nginx-traversal,2592000,ban
13.200.231.70,2026-05-11T17:57:27Z,nginx-4xx-catchall,86400,ban
18.143.139.215,2026-05-11T17:57:29Z,nginx-botsearch,86400,ban
161.118.194.153,2026-05-11T17:57:31Z,nginx-wordpress,604800,ban
103.168.66.237,2026-05-11T17:57:33Z,nginx-configprobe,604800,ban
45.148.10.244,2026-05-11T17:57:35Z,nginx-traversal,2592000,ban
13.75.199.23,2026-05-11T17:57:37Z,nginx-4xx-catchall,86400,ban
18.144.80.247,2026-05-11T17:57:39Z,nginx-botsearch,86400,ban
189.136.130.187,2026-05-11T17:57:41Z,nginx-wordpress,604800,ban
103.215.74.213,2026-05-11T17:57:43Z,nginx-configprobe,604800,ban
45.148.10.246,2026-05-11T17:57:45Z,nginx-traversal,2592000,ban
15.152.161.173,2026-05-11T17:57:47Z,nginx-4xx-catchall,86400,ban
3.25.103.105,2026-05-11T17:57:49Z,nginx-botsearch,86400,ban
20.12.205.207,2026-05-11T17:57:51Z,nginx-wordpress,604800,ban
103.215.75.221,2026-05-11T17:57:53Z,nginx-configprobe,604800,ban
45.148.10.249,2026-05-11T17:57:55Z,nginx-traversal,2592000,ban
15.168.177.24,2026-05-11T17:57:57Z,nginx-4xx-catchall,86400,ban
3.95.33.84,2026-05-11T17:57:59Z,nginx-botsearch,86400,ban
20.151.0.198,2026-05-11T17:58:01Z,nginx-wordpress,604800,ban
103.215.75.70,2026-05-11T17:58:04Z,nginx-configprobe,604800,ban
93.123.109.164,2026-05-11T17:58:06Z,nginx-traversal,2592000,ban
159.89.207.113,2026-05-11T17:58:08Z,nginx-4xx-catchall,86400,ban
34.223.230.79,2026-05-11T17:58:10Z,nginx-botsearch,86400,ban
20.223.136.145,2026-05-11T17:58:12Z,nginx-wordpress,604800,ban
103.8.27.27,2026-05-11T17:58:14Z,nginx-configprobe,604800,ban
93.123.109.165,2026-05-11T17:58:16Z,nginx-traversal,2592000,ban
16.145.13.8,2026-05-11T17:58:18Z,nginx-4xx-catchall,86400,ban
44.249.34.145,2026-05-11T17:58:20Z,nginx-botsearch,86400,ban
20.9.31.235,2026-05-11T17:58:22Z,nginx-wordpress,604800,ban
104.168.115.241,2026-05-11T17:58:24Z,nginx-configprobe,604800,ban
16.16.233.253,2026-05-11T17:58:26Z,nginx-4xx-catchall,86400,ban
54.188.150.81,2026-05-11T17:58:28Z,nginx-botsearch,86400,ban
2001:fd8:ca2e:fb00:1d5a:9ded:e03d:f85,2026-05-11T17:58:30Z,nginx-wordpress,604800,ban
107.173.39.104,2026-05-11T17:58:32Z,nginx-configprobe,604800,ban
16.176.232.70,2026-05-11T17:58:34Z,nginx-4xx-catchall,86400,ban
54.193.92.68,2026-05-11T17:58:36Z,nginx-botsearch,86400,ban
223.239.131.123,2026-05-11T17:58:38Z,nginx-wordpress,604800,ban
107.173.85.88,2026-05-11T17:58:40Z,nginx-configprobe,604800,ban
168.144.105.169,2026-05-11T17:58:42Z,nginx-4xx-catchall,86400,ban
54.215.177.3,2026-05-11T17:58:44Z,nginx-botsearch,86400,ban
2a04:7f80:1032:2900:a205:dfe3:19d4:5548,2026-05-11T17:58:46Z,nginx-wordpress,604800,ban
13.200.231.70,2026-05-11T17:58:48Z,nginx-configprobe,604800,ban
178.128.103.113,2026-05-11T17:58:50Z,nginx-4xx-catchall,86400,ban
2a06:98c0:3600::103,2026-05-11T17:58:52Z,nginx-wordpress,604800,ban
13.62.227.69,2026-05-11T17:58:54Z,nginx-configprobe,604800,ban
18.143.139.215,2026-05-11T17:58:56Z,nginx-4xx-catchall,86400,ban
2a09:bac1:1160:b0::422:6e,2026-05-11T17:58:58Z,nginx-wordpress,604800,ban
134.199.195.155,2026-05-11T17:59:00Z,nginx-configprobe,604800,ban
18.144.80.247,2026-05-11T17:59:02Z,nginx-4xx-catchall,86400,ban
2a09:bac5:952f:25a5::3c0:45,2026-05-11T17:59:04Z,nginx-wordpress,604800,ban
143.20.37.61,2026-05-11T17:59:06Z,nginx-configprobe,604800,ban
18.231.138.78,2026-05-11T17:59:08Z,nginx-4xx-catchall,86400,ban
2a09:bac5:dc8:297d::422:6e,2026-05-11T17:59:10Z,nginx-wordpress,604800,ban
143.20.37.62,2026-05-11T17:59:12Z,nginx-configprobe,604800,ban
195.178.110.133,2026-05-11T17:59:14Z,nginx-4xx-catchall,86400,ban
2a09:bac5:dcd:297d::422:6e,2026-05-11T17:59:16Z,nginx-wordpress,604800,ban
15.152.110.126,2026-05-11T17:59:18Z,nginx-configprobe,604800,ban
195.178.110.155,2026-05-11T17:59:20Z,nginx-4xx-catchall,86400,ban
49.43.132.120,2026-05-11T17:59:23Z,nginx-wordpress,604800,ban
15.152.161.173,2026-05-11T17:59:25Z,nginx-configprobe,604800,ban
195.178.110.157,2026-05-11T17:59:27Z,nginx-4xx-catchall,86400,ban
52.138.31.126,2026-05-11T17:59:29Z,nginx-wordpress,604800,ban
15.168.177.24,2026-05-11T17:59:31Z,nginx-configprobe,604800,ban
2.26.252.176,2026-05-11T17:59:33Z,nginx-4xx-catchall,86400,ban
52.182.172.157,2026-05-11T17:59:40Z,nginx-wordpress,604800,ban
154.54.100.175,2026-05-11T17:59:42Z,nginx-configprobe,604800,ban
20.226.81.141,2026-05-11T17:59:44Z,nginx-4xx-catchall,86400,ban
52.242.216.199,2026-05-11T17:59:46Z,nginx-wordpress,604800,ban
159.89.207.113,2026-05-11T17:59:48Z,nginx-configprobe,604800,ban
20.44.177.173,2026-05-11T17:59:50Z,nginx-4xx-catchall,86400,ban
80.42.9.242,2026-05-11T17:59:52Z,nginx-wordpress,604800,ban
16.145.13.8,2026-05-11T17:59:54Z,nginx-configprobe,604800,ban
20.63.80.119,2026-05-11T17:59:56Z,nginx-4xx-catchall,86400,ban
91.224.92.120,2026-05-11T17:59:58Z,nginx-wordpress,604800,ban
16.16.233.253,2026-05-11T18:00:00Z,nginx-configprobe,604800,ban
3.110.116.20,2026-05-11T18:00:03Z,nginx-4xx-catchall,86400,ban
16.176.232.70,2026-05-11T18:00:06Z,nginx-configprobe,604800,ban
3.25.103.105,2026-05-11T18:00:08Z,nginx-4xx-catchall,86400,ban
167.172.92.237,2026-05-11T18:00:11Z,nginx-configprobe,604800,ban
3.95.33.84,2026-05-11T18:00:13Z,nginx-4xx-catchall,86400,ban
176.65.139.168,2026-05-11T18:00:15Z,nginx-configprobe,604800,ban
32.198.9.11,2026-05-11T18:00:17Z,nginx-4xx-catchall,86400,ban
178.20.210.56,2026-05-11T18:00:20Z,nginx-configprobe,604800,ban
34.11.5.199,2026-05-11T18:00:22Z,nginx-4xx-catchall,86400,ban
178.20.210.57,2026-05-11T18:00:24Z,nginx-configprobe,604800,ban
34.145.186.26,2026-05-11T18:00:26Z,nginx-4xx-catchall,86400,ban
18.141.167.27,2026-05-11T18:00:28Z,nginx-configprobe,604800,ban
34.168.44.27,2026-05-11T18:00:31Z,nginx-4xx-catchall,86400,ban
18.143.139.215,2026-05-11T18:00:33Z,nginx-configprobe,604800,ban
34.182.150.73,2026-05-11T18:00:35Z,nginx-4xx-catchall,86400,ban
18.144.177.12,2026-05-11T18:00:37Z,nginx-configprobe,604800,ban
34.223.230.79,2026-05-11T18:00:40Z,nginx-4xx-catchall,86400,ban
18.144.80.247,2026-05-11T18:00:42Z,nginx-configprobe,604800,ban
34.23.115.1,2026-05-11T18:00:44Z,nginx-4xx-catchall,86400,ban
18.231.138.78,2026-05-11T18:00:46Z,nginx-configprobe,604800,ban
34.24.92.250,2026-05-11T18:00:48Z,nginx-4xx-catchall,86400,ban
185.116.238.102,2026-05-11T18:00:50Z,nginx-configprobe,604800,ban
34.242.178.2,2026-05-11T18:00:52Z,nginx-4xx-catchall,86400,ban
185.177.72.205,2026-05-11T18:00:54Z,nginx-configprobe,604800,ban
34.61.219.192,2026-05-11T18:00:56Z,nginx-4xx-catchall,86400,ban
185.177.72.51,2026-05-11T18:00:58Z,nginx-configprobe,604800,ban
34.85.208.103,2026-05-11T18:01:00Z,nginx-4xx-catchall,86400,ban
185.177.72.56,2026-05-11T18:01:03Z,nginx-configprobe,604800,ban
35.183.11.17,2026-05-11T18:01:05Z,nginx-4xx-catchall,86400,ban
185.177.72.58,2026-05-11T18:01:07Z,nginx-configprobe,604800,ban
35.221.204.221,2026-05-11T18:01:09Z,nginx-4xx-catchall,86400,ban
185.177.72.69,2026-05-11T18:01:11Z,nginx-configprobe,604800,ban
35.227.145.144,2026-05-11T18:01:13Z,nginx-4xx-catchall,86400,ban
185.177.72.9,2026-05-11T18:01:16Z,nginx-configprobe,604800,ban
35.229.153.46,2026-05-11T18:01:18Z,nginx-4xx-catchall,86400,ban
185.213.174.106,2026-05-11T18:01:20Z,nginx-configprobe,604800,ban
4.193.121.6,2026-05-11T18:01:22Z,nginx-4xx-catchall,86400,ban
185.213.174.98,2026-05-11T18:01:24Z,nginx-configprobe,604800,ban
44.249.34.145,2026-05-11T18:01:26Z,nginx-4xx-catchall,86400,ban
185.213.175.224,2026-05-11T18:01:28Z,nginx-configprobe,604800,ban
45.148.10.246,2026-05-11T18:01:30Z,nginx-4xx-catchall,86400,ban
195.178.110.102,2026-05-11T18:01:33Z,nginx-configprobe,604800,ban
45.94.31.11,2026-05-11T18:01:35Z,nginx-4xx-catchall,86400,ban
195.178.110.104,2026-05-11T18:01:37Z,nginx-configprobe,604800,ban
52.169.148.186,2026-05-11T18:01:39Z,nginx-4xx-catchall,86400,ban
195.178.110.132,2026-05-11T18:01:41Z,nginx-configprobe,604800,ban
52.172.142.96,2026-05-11T18:01:43Z,nginx-4xx-catchall,86400,ban
195.178.110.133,2026-05-11T18:01:45Z,nginx-configprobe,604800,ban
52.178.176.146,2026-05-11T18:01:47Z,nginx-4xx-catchall,86400,ban
195.178.110.135,2026-05-11T18:01:49Z,nginx-configprobe,604800,ban
54.169.235.158,2026-05-11T18:01:51Z,nginx-4xx-catchall,86400,ban
195.178.110.155,2026-05-11T18:01:53Z,nginx-configprobe,604800,ban
54.188.150.81,2026-05-11T18:01:55Z,nginx-4xx-catchall,86400,ban
195.178.110.157,2026-05-11T18:01:58Z,nginx-configprobe,604800,ban
54.193.92.68,2026-05-11T18:02:00Z,nginx-4xx-catchall,86400,ban
195.178.110.199,2026-05-11T18:02:02Z,nginx-configprobe,604800,ban
54.215.177.3,2026-05-11T18:02:04Z,nginx-4xx-catchall,86400,ban
195.178.110.241,2026-05-11T18:02:06Z,nginx-configprobe,604800,ban
54.68.228.120,2026-05-11T18:02:08Z,nginx-4xx-catchall,86400,ban
195.178.110.65,2026-05-11T18:02:10Z,nginx-configprobe,604800,ban
79.127.129.223,2026-05-11T18:02:12Z,nginx-4xx-catchall,86400,ban
2.24.70.83,2026-05-11T18:02:14Z,nginx-configprobe,604800,ban
8.229.36.202,2026-05-11T18:02:16Z,nginx-4xx-catchall,86400,ban
2.26.252.176,2026-05-11T18:02:19Z,nginx-configprobe,604800,ban
82.102.18.188,2026-05-11T18:02:21Z,nginx-4xx-catchall,86400,ban
23.95.112.73,2026-05-11T18:02:23Z,nginx-configprobe,604800,ban
82.102.18.222,2026-05-11T18:02:25Z,nginx-4xx-catchall,86400,ban
2602:fb54:1200::156,2026-05-11T18:02:27Z,nginx-configprobe,604800,ban
85.204.70.106,2026-05-11T18:02:29Z,nginx-4xx-catchall,86400,ban
2602:fb54:1400::1b3,2026-05-11T18:02:31Z,nginx-configprobe,604800,ban
85.204.70.118,2026-05-11T18:02:33Z,nginx-4xx-catchall,86400,ban
2602:fb54:1400::1e,2026-05-11T18:02:35Z,nginx-configprobe,604800,ban
85.204.70.88,2026-05-11T18:02:37Z,nginx-4xx-catchall,86400,ban
2602:fb54:1400::27,2026-05-11T18:02:39Z,nginx-configprobe,604800,ban
85.204.70.98,2026-05-11T18:02:42Z,nginx-4xx-catchall,86400,ban
2602:fb54:1400::28,2026-05-11T18:02:44Z,nginx-configprobe,604800,ban
96.62.228.93,2026-05-11T18:02:46Z,nginx-4xx-catchall,86400,ban
2602:fb54:1400::2f,2026-05-11T18:02:48Z,nginx-configprobe,604800,ban
2602:fb54:1400::32,2026-05-11T18:02:50Z,nginx-configprobe,604800,ban
2602:fb54:1400::33,2026-05-11T18:02:52Z,nginx-configprobe,604800,ban
2602:fb54:1400::34,2026-05-11T18:02:54Z,nginx-configprobe,604800,ban
2602:fb54:1a00::1ab,2026-05-11T18:02:56Z,nginx-configprobe,604800,ban
2602:fb54:1a00::1c3,2026-05-11T18:02:58Z,nginx-configprobe,604800,ban
2602:fb54:1a00::1db,2026-05-11T18:03:00Z,nginx-configprobe,604800,ban
2602:fb54:1a00::1f7,2026-05-11T18:03:03Z,nginx-configprobe,604800,ban
2602:fb54:1a00::3e,2026-05-11T18:03:05Z,nginx-configprobe,604800,ban
2602:fb54:1a00::6a,2026-05-11T18:03:07Z,nginx-configprobe,604800,ban
2a01:4f9:c015:202c::1,2026-05-11T18:03:09Z,nginx-configprobe,604800,ban
2a02:4780:14:f631::1,2026-05-11T18:03:11Z,nginx-configprobe,604800,ban
2a02:4780:75:289c::1,2026-05-11T18:03:13Z,nginx-configprobe,604800,ban
2a02:4780:75:75a5::1,2026-05-11T18:03:15Z,nginx-configprobe,604800,ban
2a02:4780:75:be9f::1,2026-05-11T18:03:17Z,nginx-configprobe,604800,ban
2a02:c207:2278:9928::1,2026-05-11T18:03:19Z,nginx-configprobe,604800,ban
2a04:52c0:130:1a76::1,2026-05-11T18:03:21Z,nginx-configprobe,604800,ban
2a06:98c0:3600::103,2026-05-11T18:03:23Z,nginx-configprobe,604800,ban
2a0b:8bc0:2:2433::1,2026-05-11T18:03:26Z,nginx-configprobe,604800,ban
2a0b:8bc0:2:614e::1,2026-05-11T18:03:28Z,nginx-configprobe,604800,ban
3.110.116.20,2026-05-11T18:03:30Z,nginx-configprobe,604800,ban
3.25.103.105,2026-05-11T18:03:32Z,nginx-configprobe,604800,ban
3.95.33.84,2026-05-11T18:03:34Z,nginx-configprobe,604800,ban
32.198.9.11,2026-05-11T18:03:36Z,nginx-configprobe,604800,ban
34.102.102.230,2026-05-11T18:03:38Z,nginx-configprobe,604800,ban
34.106.46.215,2026-05-11T18:03:40Z,nginx-configprobe,604800,ban
34.124.222.72,2026-05-11T18:03:42Z,nginx-configprobe,604800,ban
34.13.27.56,2026-05-11T18:03:44Z,nginx-configprobe,604800,ban
34.130.120.98,2026-05-11T18:03:46Z,nginx-configprobe,604800,ban
34.130.138.245,2026-05-11T18:03:48Z,nginx-configprobe,604800,ban
34.130.29.33,2026-05-11T18:03:50Z,nginx-configprobe,604800,ban
34.142.2.234,2026-05-11T18:03:52Z,nginx-configprobe,604800,ban
34.154.186.27,2026-05-11T18:03:55Z,nginx-configprobe,604800,ban
34.158.228.22,2026-05-11T18:03:57Z,nginx-configprobe,604800,ban
34.158.24.222,2026-05-11T18:03:59Z,nginx-configprobe,604800,ban
34.165.16.107,2026-05-11T18:04:01Z,nginx-configprobe,604800,ban
34.175.26.55,2026-05-11T18:04:03Z,nginx-configprobe,604800,ban
34.223.230.79,2026-05-11T18:04:05Z,nginx-configprobe,604800,ban
34.242.178.2,2026-05-11T18:04:07Z,nginx-configprobe,604800,ban
34.35.112.221,2026-05-11T18:04:09Z,nginx-configprobe,604800,ban
34.39.95.51,2026-05-11T18:04:11Z,nginx-configprobe,604800,ban
34.64.44.221,2026-05-11T18:04:13Z,nginx-configprobe,604800,ban
34.64.54.20,2026-05-11T18:04:15Z,nginx-configprobe,604800,ban
34.65.213.174,2026-05-11T18:04:17Z,nginx-configprobe,604800,ban
34.65.246.88,2026-05-11T18:04:20Z,nginx-configprobe,604800,ban
35.183.11.17,2026-05-11T18:04:22Z,nginx-configprobe,604800,ban
35.195.40.223,2026-05-11T18:04:24Z,nginx-configprobe,604800,ban
35.200.12.103,2026-05-11T18:04:26Z,nginx-configprobe,604800,ban
35.228.145.218,2026-05-11T18:04:28Z,nginx-configprobe,604800,ban
35.228.183.109,2026-05-11T18:04:30Z,nginx-configprobe,604800,ban
35.234.242.49,2026-05-11T18:04:32Z,nginx-configprobe,604800,ban
44.249.34.145,2026-05-11T18:04:34Z,nginx-configprobe,604800,ban
45.148.10.119,2026-05-11T18:04:36Z,nginx-configprobe,604800,ban
45.148.10.160,2026-05-11T18:04:38Z,nginx-configprobe,604800,ban
45.148.10.205,2026-05-11T18:04:41Z,nginx-configprobe,604800,ban
45.148.10.238,2026-05-11T18:04:43Z,nginx-configprobe,604800,ban
45.148.10.244,2026-05-11T18:04:45Z,nginx-configprobe,604800,ban
45.148.10.246,2026-05-11T18:04:47Z,nginx-configprobe,604800,ban
45.148.10.249,2026-05-11T18:04:49Z,nginx-configprobe,604800,ban
45.148.10.5,2026-05-11T18:04:51Z,nginx-configprobe,604800,ban
45.153.34.16,2026-05-11T18:04:53Z,nginx-configprobe,604800,ban
45.153.34.43,2026-05-11T18:04:56Z,nginx-configprobe,604800,ban
5.255.104.83,2026-05-11T18:04:58Z,nginx-configprobe,604800,ban
5.255.107.74,2026-05-11T18:05:00Z,nginx-configprobe,604800,ban
5.255.114.251,2026-05-11T18:05:02Z,nginx-configprobe,604800,ban
5.255.118.168,2026-05-11T18:05:05Z,nginx-configprobe,604800,ban
5.255.121.29,2026-05-11T18:05:07Z,nginx-configprobe,604800,ban
5.255.122.197,2026-05-11T18:05:09Z,nginx-configprobe,604800,ban
5.255.125.45,2026-05-11T18:05:11Z,nginx-configprobe,604800,ban
5.255.99.123,2026-05-11T18:05:13Z,nginx-configprobe,604800,ban
54.169.235.158,2026-05-11T18:05:15Z,nginx-configprobe,604800,ban
54.188.150.81,2026-05-11T18:05:17Z,nginx-configprobe,604800,ban
54.193.92.68,2026-05-11T18:05:19Z,nginx-configprobe,604800,ban
54.215.177.3,2026-05-11T18:05:22Z,nginx-configprobe,604800,ban
54.68.228.120,2026-05-11T18:05:24Z,nginx-configprobe,604800,ban
62.238.17.239,2026-05-11T18:05:26Z,nginx-configprobe,604800,ban
85.11.167.19,2026-05-11T18:05:28Z,nginx-configprobe,604800,ban
93.123.109.164,2026-05-11T18:05:30Z,nginx-configprobe,604800,ban
93.123.109.165,2026-05-11T18:05:32Z,nginx-configprobe,604800,ban
93.123.109.166,2026-05-11T18:05:34Z,nginx-configprobe,604800,ban
95.169.173.40,2026-05-11T18:05:36Z,nginx-configprobe,604800,ban
96.62.228.36,2026-05-11T18:05:39Z,nginx-configprobe,604800,ban
96.62.228.93,2026-05-11T18:05:41Z,nginx-configprobe,604800,ban
79.127.129.223,2026-05-11T18:14:22Z,nginx-4xx-catchall,,unban
34.32.101.217,2026-05-11T18:41:39Z,nginx-configprobe,604800,ban
213.209.159.113,2026-05-11T18:42:54Z,nginx-configprobe,604800,ban
195.178.110.34,2026-05-11T18:54:18Z,nginx-configprobe,604800,ban
34.32.108.18,2026-05-11T19:07:31Z,nginx-configprobe,604800,ban
82.208.22.12,2026-05-11T19:07:59Z,nginx-4xx-catchall,86400,ban
5.255.123.222,2026-05-11T19:19:34Z,nginx-configprobe,604800,ban
96.62.228.93,2026-05-11T19:19:39Z,nginx-4xx-catchall,,unban
85.204.70.98,2026-05-11T20:15:48Z,nginx-4xx-catchall,,unban
111.113.89.235,2026-05-11T20:16:15Z,nginx-4xx-catchall,,unban
116.172.201.90,2026-05-11T20:19:35Z,nginx-4xx-catchall,86400,ban
52.169.148.186,2026-05-11T20:25:59Z,nginx-4xx-catchall,,unban
85.11.167.49,2026-05-11T20:32:41Z,nginx-configprobe,604800,ban
111.113.89.123,2026-05-11T20:37:21Z,nginx-4xx-catchall,86400,ban
185.213.174.62,2026-05-11T21:28:49Z,nginx-4xx-catchall,86400,ipv4,ban
34.175.49.167,2026-05-11T21:53:49Z,nginx-configprobe,604800,ipv4,ban
45.148.10.166,2026-05-11T21:54:27Z,nginx-configprobe,604800,ipv4,ban
45.148.10.166,2026-05-11T21:54:29Z,nginx-4xx-catchall,86400,ipv4,ban
103.215.75.221,2026-05-11T21:58:02Z,nginx-traversal,2592000,ipv4,ban
62.60.130.230,2026-05-11T22:03:30Z,nginx-4xx-catchall,86400,ipv4,ban
34.11.5.199,2026-05-11T22:40:49Z,nginx-4xx-catchall,,ipv4,unban
2a09:bac5:636f:281e::3ff:2a,2026-05-11T22:54:38Z,nginx-configprobe,604800,ipv6,ban
35.252.243.83,2026-05-11T22:56:12Z,nginx-4xx-catchall,86400,ipv4,ban
34.29.163.75,2026-05-11T23:26:59Z,nginx-4xx-catchall,86400,ipv4,ban
34.57.7.82,2026-05-11T23:30:03Z,nginx-4xx-catchall,86400,ipv4,ban
34.170.110.154,2026-05-11T23:44:45Z,nginx-4xx-catchall,86400,ipv4,ban
93.123.109.167,2026-05-11T23:53:22Z,nginx-4xx-catchall,86400,ipv4,ban
93.123.109.167,2026-05-11T23:53:24Z,nginx-configprobe,604800,ipv4,ban
168.144.105.169,2026-05-11T23:53:26Z,nginx-4xx-catchall,,ipv4,unban
178.128.103.113,2026-05-11T23:55:09Z,nginx-4xx-catchall,,ipv4,unban
85.204.70.88,2026-05-12T00:19:08Z,nginx-4xx-catchall,,ipv4,unban
5.255.124.156,2026-05-12T00:32:38Z,nginx-4xx-catchall,86400,ipv4,ban
5.255.124.156,2026-05-12T00:32:40Z,nginx-configprobe,604800,ipv4,ban
94.26.106.87,2026-05-12T01:49:11Z,nginx-configprobe,604800,ipv4,ban
194.26.192.105,2026-05-12T03:12:32Z,nginx-4xx-catchall,86400,ipv4,ban
2602:fb54:1a00::99,2026-05-12T03:14:08Z,nginx-configprobe,604800,ipv6,ban
85.204.70.102,2026-05-12T03:37:18Z,nginx-4xx-catchall,86400,ipv4,ban
159.89.207.113,2026-05-12T03:58:26Z,nginx-4xx-catchall,,ipv4,unban
86.27.35.36,2026-05-12T03:59:58Z,nginx-wordpress,604800,ipv4,ban
20.104.97.84,2026-05-12T04:26:17Z,nginx-4xx-catchall,86400,ipv4,ban
104.199.99.203,2026-05-12T04:30:46Z,nginx-4xx-catchall,86400,ipv4,ban
20.226.81.141,2026-05-12T04:56:18Z,nginx-4xx-catchall,,ipv4,unban
34.140.89.96,2026-05-12T05:01:31Z,nginx-4xx-catchall,86400,ipv4,ban
88.151.33.33,2026-05-12T05:06:02Z,nginx-configprobe,604800,ipv4,ban
88.151.33.33,2026-05-12T05:06:04Z,nginx-4xx-catchall,86400,ipv4,ban
2.26.252.176,2026-05-12T05:11:23Z,nginx-4xx-catchall,,ipv4,unban
20.63.80.119,2026-05-12T05:47:11Z,nginx-4xx-catchall,,ipv4,unban
4.228.184.28,2026-05-12T05:49:45Z,nginx-4xx-catchall,86400,ipv4,ban
34.24.92.250,2026-05-12T05:50:54Z,nginx-4xx-catchall,,ipv4,unban
34.123.55.159,2026-05-12T06:13:03Z,nginx-4xx-catchall,86400,ipv4,ban
20.44.177.173,2026-05-12T06:21:37Z,nginx-4xx-catchall,,ipv4,unban
52.172.142.96,2026-05-12T06:22:50Z,nginx-4xx-catchall,,ipv4,unban
2604:f440:3:35:154:29:e7a:f4cd,2026-05-12T06:36:37Z,nginx-configprobe,604800,ipv6,ban
34.67.233.194,2026-05-12T06:38:21Z,nginx-4xx-catchall,86400,ipv4,ban
20.151.226.69,2026-05-12T06:40:10Z,nginx-4xx-catchall,86400,ipv4,ban
34.81.14.250,2026-05-12T07:05:33Z,nginx-4xx-catchall,86400,ipv4,ban
104.155.211.20,2026-05-12T07:15:09Z,nginx-4xx-catchall,86400,ipv4,ban
34.81.8.66,2026-05-12T07:16:07Z,nginx-4xx-catchall,86400,ipv4,ban
4.193.121.6,2026-05-12T07:57:27Z,nginx-4xx-catchall,,ipv4,unban
143.244.57.120,2026-05-12T08:01:21Z,nginx-4xx-catchall,86400,ipv4,ban
104.199.138.86,2026-05-12T08:17:50Z,nginx-4xx-catchall,86400,ipv4,ban
35.239.48.228,2026-05-12T08:48:23Z,nginx-4xx-catchall,86400,ipv4,ban
34.145.186.26,2026-05-12T08:55:16Z,nginx-4xx-catchall,,ipv4,unban
34.168.44.27,2026-05-12T09:16:06Z,nginx-4xx-catchall,,ipv4,unban
34.44.29.59,2026-05-12T09:25:12Z,nginx-4xx-catchall,86400,ipv4,ban
34.30.168.106,2026-05-12T09:28:51Z,nginx-4xx-catchall,86400,ipv4,ban
85.204.70.118,2026-05-12T09:34:58Z,nginx-4xx-catchall,,ipv4,unban
136.109.178.252,2026-05-12T09:36:54Z,nginx-4xx-catchall,86400,ipv4,ban
34.23.115.1,2026-05-12T09:40:58Z,nginx-4xx-catchall,,ipv4,unban
34.82.62.126,2026-05-12T09:42:04Z,nginx-4xx-catchall,86400,ipv4,ban
35.194.52.212,2026-05-12T09:43:55Z,nginx-4xx-catchall,86400,ipv4,ban
34.182.150.73,2026-05-12T09:48:10Z,nginx-4xx-catchall,,ipv4,unban
82.102.18.188,2026-05-12T09:49:01Z,nginx-4xx-catchall,,ipv4,unban
8.229.36.202,2026-05-12T10:07:45Z,nginx-4xx-catchall,,ipv4,unban
35.227.145.144,2026-05-12T10:08:44Z,nginx-4xx-catchall,,ipv4,unban
2a09:bac5:952f:25a5::3c0:45,2026-05-12T10:26:42Z,nginx-wordpress,,ipv6,unban
18.183.129.171,2026-05-12T10:28:40Z,nginx-4xx-catchall,86400,ipv4,ban
195.178.110.223,2026-05-12T10:39:45Z,nginx-configprobe,604800,ipv4,ban
47.129.236.133,2026-05-12T10:46:57Z,nginx-4xx-catchall,86400,ipv4,ban
34.85.208.103,2026-05-12T10:49:29Z,nginx-4xx-catchall,,ipv4,unban
35.221.204.221,2026-05-12T10:50:13Z,nginx-4xx-catchall,,ipv4,unban
35.229.153.46,2026-05-12T10:51:50Z,nginx-4xx-catchall,,ipv4,unban
104.196.168.90,2026-05-12T11:15:25Z,nginx-4xx-catchall,,ipv4,unban
103.153.183.69,2026-05-12T11:34:56Z,nginx-traversal,2592000,ipv4,ban
35.252.226.93,2026-05-12T11:45:15Z,nginx-4xx-catchall,86400,ipv4,ban
34.76.228.206,2026-05-12T11:47:07Z,nginx-4xx-catchall,86400,ipv4,ban
85.204.70.106,2026-05-12T11:49:17Z,nginx-4xx-catchall,,ipv4,unban
34.53.188.101,2026-05-12T12:10:29Z,nginx-4xx-catchall,86400,ipv4,ban
34.127.96.250,2026-05-12T12:14:36Z,nginx-4xx-catchall,86400,ipv4,ban
195.178.110.133,2026-05-12T12:20:01Z,nginx-4xx-catchall,,ipv4,unban
13.200.231.70,2026-05-12T12:20:05Z,nginx-4xx-catchall,,ipv4,unban
18.231.138.78,2026-05-12T12:20:09Z,nginx-4xx-catchall,,ipv4,unban
39.64.109.146,2026-05-12T12:45:39Z,nginx-4xx-catchall,86400,ipv4,ban
13.200.231.70,2026-05-12T12:53:24Z,nginx-botsearch,,ipv4,unban
44.249.34.145,2026-05-12T13:00:41Z,nginx-4xx-catchall,,ipv4,unban
34.242.178.2,2026-05-12T13:00:43Z,nginx-4xx-catchall,,ipv4,unban
2602:fa59:9:f04::1,2026-05-12T13:02:41Z,nginx-configprobe,604800,ipv6,ban
2602:fa59:9:f04::1,2026-05-12T13:02:44Z,nginx-4xx-catchall,86400,ipv6,ban
118.212.123.114,2026-05-12T13:02:46Z,nginx-4xx-catchall,86400,ipv4,ban
2a09:bac5:952b:31f5::4fa:d,2026-05-12T13:06:41Z,nginx-4xx-catchall,86400,ipv6,ban
44.249.34.145,2026-05-12T13:10:09Z,nginx-botsearch,,ipv4,unban
4.193.121.6,2026-05-12T13:19:15Z,nginx-4xx-catchall,86400,ipv4,ban
16.145.13.8,2026-05-12T13:39:16Z,nginx-4xx-catchall,,ipv4,unban
45.148.10.246,2026-05-12T13:39:39Z,nginx-4xx-catchall,,ipv4,unban
3.110.116.20,2026-05-12T13:44:42Z,nginx-4xx-catchall,,ipv4,unban
82.102.18.222,2026-05-12T13:58:56Z,nginx-4xx-catchall,,ipv4,unban
16.176.232.70,2026-05-12T13:59:09Z,nginx-4xx-catchall,,ipv4,unban
34.105.16.151,2026-05-12T14:01:47Z,nginx-4xx-catchall,86400,ipv4,ban
146.70.40.68,2026-05-12T14:21:15Z,nginx-4xx-catchall,86400,ipv4,ban
32.198.9.11,2026-05-12T14:32:46Z,nginx-4xx-catchall,,ipv4,unban
54.188.150.81,2026-05-12T14:34:44Z,nginx-4xx-catchall,,ipv4,unban
34.223.230.79,2026-05-12T14:42:25Z,nginx-4xx-catchall,,ipv4,unban
54.68.228.120,2026-05-12T14:42:28Z,nginx-4xx-catchall,,ipv4,unban
54.188.150.81,2026-05-12T14:42:40Z,nginx-botsearch,,ipv4,unban
18.144.80.247,2026-05-12T14:43:48Z,nginx-4xx-catchall,,ipv4,unban
18.144.80.247,2026-05-12T14:52:10Z,nginx-botsearch,,ipv4,unban
34.223.230.79,2026-05-12T14:52:16Z,nginx-botsearch,,ipv4,unban
18.143.139.215,2026-05-12T14:52:43Z,nginx-4xx-catchall,,ipv4,unban
88.151.33.25,2026-05-12T14:54:29Z,nginx-4xx-catchall,86400,ipv4,ban
88.151.33.25,2026-05-12T14:56:53Z,nginx-configprobe,604800,ipv4,ban
16.16.233.253,2026-05-12T15:01:23Z,nginx-4xx-catchall,,ipv4,unban
18.143.139.215,2026-05-12T15:01:25Z,nginx-botsearch,,ipv4,unban
34.61.219.192,2026-05-12T15:06:13Z,nginx-4xx-catchall,,ipv4,unban
15.168.177.24,2026-05-12T15:06:20Z,nginx-4xx-catchall,,ipv4,unban
16.16.233.253,2026-05-12T15:06:37Z,nginx-botsearch,,ipv4,unban
20.151.104.6,2026-05-12T15:14:25Z,nginx-4xx-catchall,86400,ipv4,ban
15.168.177.24,2026-05-12T15:20:02Z,nginx-botsearch,,ipv4,unban
3.95.33.84,2026-05-12T15:20:11Z,nginx-4xx-catchall,,ipv4,unban
3.95.33.84,2026-05-12T15:25:20Z,nginx-botsearch,,ipv4,unban
15.152.161.173,2026-05-12T15:31:37Z,nginx-4xx-catchall,,ipv4,unban
146.70.194.220,2026-05-12T15:37:35Z,nginx-4xx-catchall,86400,ipv4,ban
2a01:7e01::2000:1ff:fe4d:fc8d,2026-05-12T15:55:34Z,nginx-configprobe,604800,ipv6,ban
52.178.176.146,2026-05-12T16:31:47Z,nginx-4xx-catchall,,ipv4,unban
195.178.110.157,2026-05-12T16:35:53Z,nginx-4xx-catchall,,ipv4,unban
3.25.103.105,2026-05-12T16:35:57Z,nginx-4xx-catchall,,ipv4,unban
3.25.103.105,2026-05-12T16:41:56Z,nginx-botsearch,,ipv4,unban
54.215.177.3,2026-05-12T16:43:28Z,nginx-4xx-catchall,,ipv4,unban
13.75.199.23,2026-05-12T16:50:34Z,nginx-4xx-catchall,,ipv4,unban
54.215.177.3,2026-05-12T16:50:45Z,nginx-botsearch,,ipv4,unban
54.193.92.68,2026-05-12T16:51:51Z,nginx-4xx-catchall,,ipv4,unban
195.178.110.155,2026-05-12T16:55:34Z,nginx-4xx-catchall,,ipv4,unban
54.169.235.158,2026-05-12T16:55:40Z,nginx-4xx-catchall,,ipv4,unban
54.193.92.68,2026-05-12T16:55:46Z,nginx-botsearch,,ipv4,unban
2602:fb54:1400::1d2,2026-05-12T17:07:00Z,nginx-configprobe,604800,ipv6,ban
35.183.11.17,2026-05-12T17:25:33Z,nginx-4xx-catchall,,ipv4,unban
45.94.31.11,2026-05-12T17:44:10Z,nginx-4xx-catchall,,ipv4,unban
20.9.82.33,2026-05-12T18:01:00Z,nginx-4xx-catchall,86400,ipv4,ban
167.172.67.184,2026-05-12T18:11:07Z,nginx-4xx-catchall,86400,ipv4,ban
38.72.131.163,2026-05-12T18:15:51Z,nginx-4xx-catchall,86400,ipv4,ban
2a02:4780:7:dd94::1,2026-05-12T18:21:08Z,nginx-configprobe,604800,ipv6,ban
82.208.22.12,2026-05-12T19:07:59Z,nginx-4xx-catchall,,ipv4,unban
161.35.231.16,2026-05-12T19:14:27Z,nginx-4xx-catchall,86400,ipv4,ban
178.128.89.116,2026-05-12T19:20:13Z,nginx-wordpress,604800,ipv4,ban
103.215.74.72,2026-05-12T19:20:18Z,nginx-configprobe,604800,ipv4,ban
103.215.74.72,2026-05-12T19:20:20Z,nginx-4xx-catchall,86400,ipv4,ban
103.215.74.72,2026-05-12T19:20:22Z,nginx-traversal,2592000,ipv4,ban
20.151.0.198,2026-05-12T20:01:44Z,nginx-wordpress,,ipv4,unban
93.123.109.167,2026-05-12T20:16:38Z,nginx-traversal,2592000,ipv4,ban
116.172.201.90,2026-05-12T20:19:35Z,nginx-4xx-catchall,,ipv4,unban
111.113.89.123,2026-05-12T20:37:20Z,nginx-4xx-catchall,,ipv4,unban
93.123.109.79,2026-05-12T21:20:45Z,nginx-configprobe,604800,ipv4,ban
185.213.174.62,2026-05-12T21:28:49Z,nginx-4xx-catchall,,ipv4,unban
20.206.116.235,2026-05-12T21:31:21Z,nginx-4xx-catchall,86400,ipv4,ban
54.169.187.93,2026-05-12T21:34:50Z,nginx-configprobe,604800,ipv4,ban
45.148.10.166,2026-05-12T21:54:27Z,nginx-4xx-catchall,,ipv4,unban
139.28.219.70,2026-05-12T21:55:12Z,nginx-4xx-catchall,86400,ipv4,ban
62.60.130.230,2026-05-12T22:03:30Z,nginx-4xx-catchall,,ipv4,unban
34.154.219.101,2026-05-12T22:06:40Z,nginx-4xx-catchall,86400,ipv4,ban
34.154.219.101,2026-05-12T22:06:42Z,nginx-configprobe,604800,ipv4,ban
172.81.133.66,2026-05-12T22:08:43Z,nginx-configprobe,604800,ipv4,ban
172.81.133.66,2026-05-12T22:08:45Z,nginx-4xx-catchall,86400,ipv4,ban
82.208.22.12,2026-05-12T22:13:00Z,nginx-4xx-catchall,86400,ipv4,ban
54.241.132.242,2026-05-12T22:28:26Z,nginx-configprobe,604800,ipv4,ban
54.241.132.242,2026-05-12T22:28:28Z,nginx-4xx-catchall,86400,ipv4,ban
18.118.162.255,2026-05-12T22:37:59Z,nginx-configprobe,604800,ipv4,ban
34.45.192.53,2026-05-12T22:41:07Z,nginx-4xx-catchall,86400,ipv4,ban
211.57.149.147,2026-05-12T22:49:59Z,nginx-wordpress,604800,ipv4,ban
35.252.243.83,2026-05-12T22:56:11Z,nginx-4xx-catchall,,ipv4,unban
34.29.118.203,2026-05-12T23:08:25Z,nginx-4xx-catchall,86400,ipv4,ban
13.41.203.201,2026-05-12T23:19:53Z,nginx-configprobe,604800,ipv4,ban
2604:a880:400:d1:0:4:677d:e001,2026-05-12T23:22:58Z,nginx-configprobe,604800,ipv6,ban
2604:a880:400:d1:0:4:677d:e001,2026-05-12T23:23:00Z,nginx-4xx-catchall,86400,ipv6,ban
34.29.163.75,2026-05-12T23:26:58Z,nginx-4xx-catchall,,ipv4,unban
34.57.7.82,2026-05-12T23:30:02Z,nginx-4xx-catchall,,ipv4,unban
43.203.244.132,2026-05-12T23:31:39Z,nginx-configprobe,604800,ipv4,ban
52.14.229.254,2026-05-12T23:44:27Z,nginx-configprobe,604800,ipv4,ban
34.170.110.154,2026-05-12T23:44:44Z,nginx-4xx-catchall,,ipv4,unban
14.97.214.122,2026-05-12T23:44:52Z,nginx-wordpress,,ipv4,unban
35.252.173.8,2026-05-12T23:45:47Z,nginx-4xx-catchall,86400,ipv4,ban
93.123.109.167,2026-05-12T23:53:26Z,nginx-4xx-catchall,,ipv4,unban
5.255.126.76,2026-05-13T00:07:38Z,nginx-4xx-catchall,86400,ipv4,ban
5.255.126.76,2026-05-13T00:09:51Z,nginx-configprobe,604800,ipv4,ban
54.153.94.37,2026-05-13T00:20:29Z,nginx-configprobe,604800,ipv4,ban
54.153.94.37,2026-05-13T00:20:31Z,nginx-4xx-catchall,86400,ipv4,ban
13.48.138.150,2026-05-13T00:30:24Z,nginx-configprobe,604800,ipv4,ban
5.255.124.156,2026-05-13T00:32:37Z,nginx-4xx-catchall,,ipv4,unban
13.205.18.184,2026-05-13T00:44:20Z,nginx-configprobe,604800,ipv4,ban
103.168.66.237,2026-05-13T01:00:31Z,nginx-traversal,2592000,ipv4,ban
18.200.234.9,2026-05-13T01:04:27Z,nginx-configprobe,604800,ipv4,ban
2602:fb54:1a00::f4,2026-05-13T01:08:25Z,nginx-configprobe,604800,ipv6,ban
85.204.70.90,2026-05-13T01:17:12Z,nginx-4xx-catchall,86400,ipv4,ban
35.88.3.47,2026-05-13T01:18:32Z,nginx-configprobe,604800,ipv4,ban
35.88.3.47,2026-05-13T01:18:34Z,nginx-4xx-catchall,86400,ipv4,ban
35.158.210.104,2026-05-13T01:29:28Z,nginx-configprobe,604800,ipv4,ban
15.152.153.135,2026-05-13T01:48:33Z,nginx-configprobe,604800,ipv4,ban
34.186.104.135,2026-05-13T01:58:09Z,nginx-configprobe,604800,ipv4,ban
63.35.188.61,2026-05-13T02:01:32Z,nginx-configprobe,604800,ipv4,ban
20.63.80.119,2026-05-13T02:03:31Z,nginx-4xx-catchall,86400,ipv4,ban
45.148.10.62,2026-05-13T02:18:58Z,nginx-configprobe,604800,ipv4,ban
2602:fb54:1a00::26,2026-05-13T02:28:45Z,nginx-configprobe,604800,ipv6,ban
34.65.24.125,2026-05-13T02:32:41Z,nginx-4xx-catchall,86400,ipv4,ban
34.65.24.125,2026-05-13T02:32:43Z,nginx-configprobe,604800,ipv4,ban
54.179.137.57,2026-05-13T02:39:51Z,nginx-configprobe,604800,ipv4,ban
85.11.167.155,2026-05-13T02:53:20Z,nginx-configprobe,604800,ipv4,ban
221.207.35.89,2026-05-13T03:06:51Z,nginx-4xx-catchall,86400,ipv4,ban
182.242.168.175,2026-05-13T03:08:13Z,nginx-4xx-catchall,86400,ipv4,ban
194.26.192.105,2026-05-13T03:12:31Z,nginx-4xx-catchall,,ipv4,unban
93.123.109.214,2026-05-13T03:17:13Z,nginx-configprobe,604800,ipv4,ban
157.245.92.255,2026-05-13T03:19:51Z,nginx-4xx-catchall,86400,ipv4,ban
85.204.70.102,2026-05-13T03:37:18Z,nginx-4xx-catchall,,ipv4,unban
45.148.10.159,2026-05-13T03:48:07Z,nginx-configprobe,604800,ipv4,ban
34.81.58.147,2026-05-13T03:53:25Z,nginx-4xx-catchall,86400,ipv4,ban
35.187.159.198,2026-05-13T04:09:05Z,nginx-4xx-catchall,86400,ipv4,ban
34.80.111.150,2026-05-13T04:12:36Z,nginx-4xx-catchall,86400,ipv4,ban
20.12.205.207,2026-05-13T04:17:09Z,nginx-wordpress,,ipv4,unban
52.182.172.157,2026-05-13T04:18:32Z,nginx-wordpress,,ipv4,unban
34.80.49.97,2026-05-13T04:23:52Z,nginx-4xx-catchall,86400,ipv4,ban
20.104.97.84,2026-05-13T04:26:17Z,nginx-4xx-catchall,,ipv4,unban
104.199.99.203,2026-05-13T04:30:46Z,nginx-4xx-catchall,,ipv4,unban
34.140.89.96,2026-05-13T05:01:31Z,nginx-4xx-catchall,,ipv4,unban
35.224.65.61,2026-05-13T05:03:52Z,nginx-4xx-catchall,86400,ipv4,ban
88.151.33.33,2026-05-13T05:06:02Z,nginx-4xx-catchall,,ipv4,unban
34.53.164.201,2026-05-13T05:24:19Z,nginx-4xx-catchall,86400,ipv4,ban
157.245.151.41,2026-05-13T05:45:35Z,nginx-4xx-catchall,86400,ipv4,ban
4.228.184.28,2026-05-13T05:49:45Z,nginx-4xx-catchall,,ipv4,unban
34.123.55.159,2026-05-13T06:13:03Z,nginx-4xx-catchall,,ipv4,unban
79.127.129.228,2026-05-13T06:21:35Z,nginx-4xx-catchall,86400,ipv4,ban
34.67.233.194,2026-05-13T06:38:21Z,nginx-4xx-catchall,,ipv4,unban
20.151.226.69,2026-05-13T06:40:10Z,nginx-4xx-catchall,,ipv4,unban
2001:41d0:700:2c42::,2026-05-13T07:05:26Z,nginx-configprobe,604800,ipv6,ban
34.81.14.250,2026-05-13T07:05:33Z,nginx-4xx-catchall,,ipv4,unban
104.155.211.20,2026-05-13T07:15:09Z,nginx-4xx-catchall,,ipv4,unban
34.81.8.66,2026-05-13T07:16:07Z,nginx-4xx-catchall,,ipv4,unban
8.229.107.181,2026-05-13T07:23:29Z,nginx-4xx-catchall,86400,ipv4,ban
